scenario,boost_scenario,boost_recovery_curve,k_years,dose2_interval_years,group,is_no_revaccination,n_draws,infections_per1000_py_alive_median,infections_per1000_py_alive_lo95,infections_per1000_py_alive_hi95,cases_per1000_py_alive_median,cases_per1000_py_alive_lo95,cases_per1000_py_alive_hi95,hospitalizations_per1000_py_alive_median,hospitalizations_per1000_py_alive_lo95,hospitalizations_per1000_py_alive_hi95,deaths_per1000_py_alive_median,deaths_per1000_py_alive_lo95,deaths_per1000_py_alive_hi95
older_adult_vax_main,none,no_revaccination,0,0,age_60plus,True,5,200.13432956782324,191.87741019005514,322.5544070769107,86.06172261698721,68.0408446551339,111.94554198645685,1.4520526047687294,1.2637380848656345,1.5849733028327324,0.07567866246166455,0.06478309800212562,0.08200260556745018
older_adult_vax_main,none,no_revaccination,0,0,all_ages,True,5,328.04759285837144,298.565401705146,507.5719684884397,122.045631190932,116.47660961888712,175.42245136444458,0.9600055672077605,0.8682230762425899,1.1462242543026357,0.028134408315220103,0.02514350269761201,0.031174267775396076
older_adult_vax_main,none,no_revaccination,0,0,vaccinated_primary,True,5,185.29522898397417,177.96834073947235,297.74087993076773,70.80684806114495,55.51494321705446,92.18346787537216,1.9621528187971573,1.6289136554021364,2.074287517452671,0.10550478359933736,0.08687593172019775,0.11111057762832163
older_adult_vax_main,none,no_revaccination,0,0,vaccine_eligible,True,5,187.51430879673305,180.28574946111803,302.55731444595506,79.4415516476033,62.62845742763357,103.45100466105266,1.9210697967312096,1.6526268819413816,2.0844192157047177,0.10116610847631562,0.08579949213941021,0.10908620538835932
older_adult_vax_main,scenario_a,scenario_a,1,1,age_60plus,False,5,200.1340992906532,191.87700263683297,322.5540973386776,86.06089924406494,68.04024298470118,111.94443737660413,1.4520283617213443,1.2637186264556215,1.5849490040265926,0.07567737124023964,0.06478207122361733,0.08200131574797703
older_adult_vax_main,scenario_a,scenario_a,1,1,all_ages,False,5,328.0474266469944,298.565101307287,507.5717683468917,122.04520031451976,116.47637561245178,175.4221349640423,0.9599989524355209,0.868214684582624,1.1462160777003667,0.028134028956164216,0.025143152896466993,0.031173835629034193
older_adult_vax_main,scenario_a,scenario_a,1,1,vaccinated_primary,False,5,185.2949557151072,177.9678571406575,297.74050928905115,70.8041256262385,55.51288440207197,92.17992756554911,1.962067356838382,1.6288436702277338,2.0741997380680406,0.10550022426751174,0.08687223503051393,0.11110591422749225
older_adult_vax_main,scenario_a,scenario_a,1,1,vaccine_eligible,False,5,187.51407260292197,180.28533355270866,302.55699227761664,79.44048443259751,62.627668569546685,103.44958812772737,1.9210365402728444,1.652600180822686,2.0843858404824585,0.10116433501225609,0.08579808166140233,0.10908443212715611
older_adult_vax_main,scenario_a,scenario_a,2,2,age_60plus,False,5,199.9727904179283,191.61460318815864,322.3344901772466,85.50400567506003,67.6087688734594,111.19666223457014,1.4355611148969947,1.2496865128491565,1.5675516339318283,0.07479773383781115,0.06403927143877569,0.08107536168473806
older_adult_vax_main,scenario_a,scenario_a,2,2,all_ages,False,5,327.93384876647764,298.37338229365577,507.4340158041578,121.75708566705903,116.31127828759676,175.19532158980158,0.9552402219394798,0.8625266204983716,1.1403337093656036,0.027858515584424943,0.024892108275850297,0.030863649094072243
older_adult_vax_main,scenario_a,scenario_a,2,2,vaccinated_primary,False,5,185.1087671744539,177.66595388767988,297.4847576496277,68.9538812452838,54.03499182760213,89.76998319433906,1.9039848599264406,1.578400576100267,2.0113915313429307,0.10239239471199471,0.08419909917443966,0.10776000254114182
older_adult_vax_main,scenario_a,scenario_a,2,2,vaccine_eligible,False,5,187.3474385511684,180.0156102356805,302.32700724180194,78.72006633808178,62.06370271269586,102.49165475491857,1.8984505413979142,1.6333527797641334,2.0604991832733317,0.09995634059469657,0.08477802696695931,0.10781180838668555
older_adult_vax_main,scenario_a,scenario_a,3,3,age_60plus,False,5,199.9630023018091,191.56752654120393,322.32239001899615,85.42118098706075,67.57784326327733,111.08189150526593,1.432794466839618,1.2486308495377565,1.5660086114944272,0.07464763714554142,0.06398084518529364,0.08099050289484157
older_adult_vax_main,scenario_a,scenario_a,3,3,all_ages,False,5,327.9291357055884,298.34516959840346,507.4295723149052,121.71224310822495,116.29875840704356,175.18074016667265,0.9548857918552474,0.8615814625332808,1.139863931458908,0.027837855389567,0.02486959697299993,0.030835266666882605
older_adult_vax_main,scenario_a,scenario_a,3,3,vaccinated_primary,False,5,185.103381258459,177.62297042520578,297.47881665243517,68.68800306064671,53.929517371438685,89.41533901403196,1.894569192641085,1.574669680277559,2.0059105935921235,0.10188005155514568,0.08399198630054112,0.10745792647953757
older_adult_vax_main,scenario_a,scenario_a,3,3,vaccine_eligible,False,5,187.33607305357734,179.96526610300998,302.3126550322923,78.61560963901589,62.024968074550074,102.34801352220057,1.8946643244406296,1.631912071918002,2.05838927406111,0.09975056804667794,0.08469809788141507,0.10769554478439675
older_adult_vax_main,scenario_a,scenario_a,4,4,age_60plus,False,5,199.96429591183863,191.59942949919468,322.3269470645951,85.45886026161072,67.5788712216842,111.13729975542114,1.4339173184279634,1.24860361093738,1.5661349532352375,0.07470525236961902,0.06397693373065191,0.0809945802373708
older_adult_vax_main,scenario_a,scenario_a,4,4,all_ages,False,5,327.9319395896709,298.3715514706928,507.434258533111,121.73753875759024,116.30124349730961,175.18421665129446,0.9548741494596509,0.8619812213755068,1.1398831592905627,0.027839596734660334,0.024870089628359928,0.03083666975222417
older_adult_vax_main,scenario_a,scenario_a,4,4,vaccinated_primary,False,5,185.11104873377977,177.66717403113276,297.4923694543277,68.80505882698012,53.934210540958446,89.58030616680311,1.8985075537685279,1.5746516872543332,2.0064380341480605,0.10208235988464867,0.08398193467928634,0.10747628702715957
older_adult_vax_main,scenario_a,scenario_a,4,4,vaccine_eligible,False,5,187.33616189128728,179.99573152285376,302.3158283764331,78.6644776728102,62.02758149668648,102.41834155607964,1.8962047078658701,1.6318803714232653,2.058568895999064,0.09982971467591534,0.0846929621250003,0.10770140851036743
older_adult_vax_main,scenario_a,scenario_a,5,5,age_60plus,False,5,199.97100306271238,191.58339882529788,322.33539354139424,85.45377172426493,67.5947464944093,111.12635069147545,1.4334944682801842,1.2490556905753456,1.5665702949446316,0.0746803881777974,0.06399877665957004,0.08101543883430878
older_adult_vax_main,scenario_a,scenario_a,5,5,all_ages,False,5,327.93825592928084,298.35876611036986,507.4407382390973,121.7298956427567,116.30671437937755,175.19274895838373,0.9550312360041472,0.8618269805707575,1.1400590423123234,0.02784777138899724,0.024875786823354756,0.03084366983736932
older_adult_vax_main,scenario_a,scenario_a,5,5,vaccinated_primary,False,5,185.1241610991819,177.6638296160823,297.50965221789454,68.80391388359367,53.98978851366942,89.57156299353348,1.8976027367151267,1.5763539378530749,2.0081420092758453,0.10202562192960259,0.08406448232010427,0.1075585696931153
older_adult_vax_main,scenario_a,scenario_a,5,5,vaccine_eligible,False,5,187.341962832681,179.97796502822794,302.3232395692077,78.66029269848232,62.048990847583106,102.40773759963182,1.8956337826997982,1.6325036854387083,2.059171146317418,0.09979594378454089,0.08472309099414903,0.1077302671820282
older_adult_vax_main,scenario_b,scenario_b,1,1,age_60plus,False,5,200.1340992906532,191.87700263683297,322.5540973386776,86.06089924406494,68.04024298470118,111.94443737660413,1.4520283617213443,1.2637186264556215,1.5849490040265926,0.07567737124023964,0.06478207122361733,0.08200131574797703
older_adult_vax_main,scenario_b,scenario_b,1,1,all_ages,False,5,328.0474266469944,298.565101307287,507.5717683468917,122.04520031451976,116.47637561245178,175.4221349640423,0.9599989524355209,0.868214684582624,1.1462160777003667,0.028134028956164216,0.025143152896466993,0.031173835629034193
older_adult_vax_main,scenario_b,scenario_b,1,1,vaccinated_primary,False,5,185.2949557151072,177.9678571406575,297.74050928905115,70.8041256262385,55.51288440207197,92.17992756554911,1.962067356838382,1.6288436702277338,2.0741997380680406,0.10550022426751174,0.08687223503051393,0.11110591422749225
older_adult_vax_main,scenario_b,scenario_b,1,1,vaccine_eligible,False,5,187.51407260292197,180.28533355270866,302.55699227761664,79.44048443259751,62.627668569546685,103.44958812772737,1.9210365402728444,1.652600180822686,2.0843858404824585,0.10116433501225609,0.08579808166140233,0.10908443212715611
older_adult_vax_main,scenario_b,scenario_b,2,2,age_60plus,False,5,199.9727904179283,191.61460318815864,322.3344901772466,85.50400567506003,67.6087688734594,111.19666223457014,1.4355611148969947,1.2496865128491565,1.5675516339318283,0.07479773383781115,0.06403927143877569,0.08107536168473806
older_adult_vax_main,scenario_b,scenario_b,2,2,all_ages,False,5,327.93384876647764,298.37338229365577,507.4340158041578,121.75708566705903,116.31127828759676,175.19532158980158,0.9552402219394798,0.8625266204983716,1.1403337093656036,0.027858515584424943,0.024892108275850297,0.030863649094072243
older_adult_vax_main,scenario_b,scenario_b,2,2,vaccinated_primary,False,5,185.1087671744539,177.66595388767988,297.4847576496277,68.9538812452838,54.03499182760213,89.76998319433906,1.9039848599264406,1.578400576100267,2.0113915313429307,0.10239239471199471,0.08419909917443966,0.10776000254114182
older_adult_vax_main,scenario_b,scenario_b,2,2,vaccine_eligible,False,5,187.3474385511684,180.0156102356805,302.32700724180194,78.72006633808178,62.06370271269586,102.49165475491857,1.8984505413979142,1.6333527797641334,2.0604991832733317,0.09995634059469657,0.08477802696695931,0.10781180838668555
older_adult_vax_main,scenario_b,scenario_b,3,3,age_60plus,False,5,199.9628711460873,191.5672915004192,322.3222126644417,85.42069587038102,67.57749005290063,111.08123811679421,1.4327799049679248,1.248619327718109,1.5659941360965717,0.07464685749955284,0.06398023325699706,0.0809897302964858
older_adult_vax_main,scenario_b,scenario_b,3,3,all_ages,False,5,327.92904455885144,298.34500158832867,507.4294626599188,121.71199056435476,116.29862264147077,175.1805555882938,0.9548818853863118,0.8615764377397026,1.1398590723194406,0.02783762935234198,0.024869388249058846,0.03083500787858458
older_adult_vax_main,scenario_b,scenario_b,3,3,vaccinated_primary,False,5,185.10323478859618,177.6227090980169,297.47861683505346,68.68639914347065,53.92830847625828,89.41324620604216,1.8945181090407084,1.5746283218954005,2.0058584146417187,0.10187731156272452,0.08398978713289329,0.10745513880080368
older_adult_vax_main,scenario_b,scenario_b,3,3,vaccine_eligible,False,5,187.3359366235245,179.9650230683196,302.31246802688213,78.61498432735159,62.02450784326466,102.34717939873407,1.8946443588647048,1.6318962739538747,2.0583694064996454,0.09974949766478243,0.08469725780325355,0.10769448323591198
older_adult_vax_main,scenario_b,scenario_b,4,4,age_60plus,False,5,199.7435698689536,191.23307308035393,322.0319222588536,84.67784877342349,66.98396473380977,110.08993941649756,1.4104102006831827,1.2291203247614948,1.5417627847145787,0.07344333955684543,0.06293884030936808,0.07969013845856132
older_adult_vax_main,scenario_b,scenario_b,4,4,all_ages,False,5,327.78001459596186,298.1122164227831,507.2527268297508,121.33585422182855,116.07437591813863,174.87596980045922,0.9482635903863958,0.8538795691781587,1.131678295359828,0.02745961523629658,0.024517728789078836,0.03039976446713131
older_adult_vax_main,scenario_b,scenario_b,4,4,vaccinated_primary,False,5,184.87349131209368,177.27371040180878,297.1719690108446,66.2184853102649,51.900914661038634,86.21853790972044,1.8161870407213496,1.504845384971769,1.9187169491140235,0.0976548609889232,0.0802577643952525,0.10277637670113395
older_adult_vax_main,scenario_b,scenario_b,4,4,vaccine_eligible,False,5,187.10495351842974,179.61385604213595,302.0026298220316,77.65887535407145,61.25430285544557,101.08193166721114,1.8639781317750834,1.6051743203882216,2.025127075473592,0.0980973905183209,0.08326816599586015,0.10590949134363865
older_adult_vax_main,scenario_b,scenario_b,5,5,age_60plus,False,5,199.75808661450668,191.2067406467726,322.05060373963533,84.67640881484826,67.01899566192061,110.08037600008504,1.4097948847743595,1.2301121639188535,1.5427575414372194,0.07340543765452523,0.06298659692203101,0.07973783273781324
older_adult_vax_main,scenario_b,scenario_b,5,5,all_ages,False,5,327.7937967366041,298.0921332034622,507.2673452704769,121.32614488624436,116.08686332153582,174.89500890120956,0.9486078721819619,0.8536541965755626,1.1320692285266343,0.02747760094469118,0.024530729474997952,0.03041577475893551
older_adult_vax_main,scenario_b,scenario_b,5,5,vaccinated_primary,False,5,184.90266644937805,177.27554658780622,297.2107503972294,66.24454387150075,52.02396211424645,86.23991520614217,1.815238931251537,1.508594166396457,1.9226054501498133,0.09758576366372129,0.08043900892671373,0.10296424757401018
older_adult_vax_main,scenario_b,scenario_b,5,5,vaccine_eligible,False,5,187.1173804139847,179.5836166077296,302.01888868617414,77.66169640572438,61.3015545635383,101.07627151920295,1.8631522748887634,1.6065419376041525,2.0265027130488202,0.09804609153200018,0.08333404333722952,0.10597545648930204
older_adult_vax_main,scenario_c,scenario_c,1,1,age_60plus,False,5,200.1340992906532,191.87700263683297,322.5540973386776,86.06089924406494,68.04024298470118,111.94443737660413,1.4520283617213443,1.2637186264556215,1.5849490040265926,0.07567737124023964,0.06478207122361733,0.08200131574797703
older_adult_vax_main,scenario_c,scenario_c,1,1,all_ages,False,5,328.0474266469944,298.565101307287,507.5717683468917,122.04520031451976,116.47637561245178,175.4221349640423,0.9599989524355209,0.868214684582624,1.1462160777003667,0.028134028956164216,0.025143152896466993,0.031173835629034193
older_adult_vax_main,scenario_c,scenario_c,1,1,vaccinated_primary,False,5,185.2949557151072,177.9678571406575,297.74050928905115,70.8041256262385,55.51288440207197,92.17992756554911,1.962067356838382,1.6288436702277338,2.0741997380680406,0.10550022426751174,0.08687223503051393,0.11110591422749225
older_adult_vax_main,scenario_c,scenario_c,1,1,vaccine_eligible,False,5,187.51407260292197,180.28533355270866,302.55699227761664,79.44048443259751,62.627668569546685,103.44958812772737,1.9210365402728444,1.652600180822686,2.0843858404824585,0.10116433501225609,0.08579808166140233,0.10908443212715611
older_adult_vax_main,scenario_c,scenario_c,2,2,age_60plus,False,5,199.9727904179283,191.61460318815864,322.3344901772466,85.50400567506003,67.6087688734594,111.19666223457014,1.4355611148969947,1.2496865128491565,1.5675516339318283,0.07479773383781115,0.06403927143877569,0.08107536168473806
older_adult_vax_main,scenario_c,scenario_c,2,2,all_ages,False,5,327.93384876647764,298.37338229365577,507.4340158041578,121.75708566705903,116.31127828759676,175.19532158980158,0.9552402219394798,0.8625266204983716,1.1403337093656036,0.027858515584424943,0.024892108275850297,0.030863649094072243
older_adult_vax_main,scenario_c,scenario_c,2,2,vaccinated_primary,False,5,185.1087671744539,177.66595388767988,297.4847576496277,68.9538812452838,54.03499182760213,89.76998319433906,1.9039848599264406,1.578400576100267,2.0113915313429307,0.10239239471199471,0.08419909917443966,0.10776000254114182
older_adult_vax_main,scenario_c,scenario_c,2,2,vaccine_eligible,False,5,187.3474385511684,180.0156102356805,302.32700724180194,78.72006633808178,62.06370271269586,102.49165475491857,1.8984505413979142,1.6333527797641334,2.0604991832733317,0.09995634059469657,0.08477802696695931,0.10781180838668555
older_adult_vax_main,scenario_c,scenario_c,3,3,age_60plus,False,5,199.96284064894138,191.56723684771873,322.32217142492,85.42058306911488,67.57740792249058,111.0810861884239,1.4327765189873665,1.248616648602074,1.5659907701962925,0.07464667621336415,0.06398009096809072,0.08098955064758696
older_adult_vax_main,scenario_c,scenario_c,3,3,all_ages,False,5,327.92902336474657,298.344962521701,507.4294371621292,121.7119318418272,116.29859107249675,175.18051266908174,0.9548809770325704,0.8615752693554601,1.1398579424443207,0.02783757679297141,0.02486933971546853,0.03083494770367763
older_adult_vax_main,scenario_c,scenario_c,3,3,vaccinated_primary,False,5,185.10320073059987,177.62264833323115,297.4785703724576,68.68602619441481,53.928027377461476,89.4127595786718,1.8945062308962017,1.5746187050225424,2.0058462817036755,0.10187667444970035,0.08398927577056514,0.10745449059425985
older_adult_vax_main,scenario_c,scenario_c,3,3,vaccine_eligible,False,5,187.33590489996035,179.96496655684865,302.3124245432878,78.61483892743465,62.024400827800875,102.34698544524706,1.8946397163948894,1.6318926005256458,2.0583647867835313,0.09974924877560402,0.08469706246370104,0.10769423639871574
older_adult_vax_main,scenario_c,scenario_c,4,4,age_60plus,False,5,199.6806698288548,191.1276128943193,321.9479449440154,84.4556879800565,66.81539909136173,109.79182903707225,1.403715290926369,1.2235996456130795,1.5348375557408158,0.07308388735675664,0.06264461675574971,0.07931940528596683
older_adult_vax_main,scenario_c,scenario_c,4,4,all_ages,False,5,327.7364008356213,298.0368989379364,507.2005264351328,121.22107350725179,116.00989720194362,174.7883709403241,0.9463895576565431,0.8515703388104975,1.1293467610778984,0.02735186565951402,0.024417797979515512,0.030275585898117373
older_adult_vax_main,scenario_c,scenario_c,4,4,vaccinated_primary,False,5,184.80613708634556,177.16116806345042,297.0812042037951,65.48405810925755,51.32525538353926,85.26394345857793,1.7927782000315156,1.485075589161784,1.8938041152696388,0.0963956041280691,0.07920274964440434,0.10144127772209016
older_adult_vax_main,scenario_c,scenario_c,4,4,vaccine_eligible,False,5,187.0390648588164,179.50397215058086,301.9134671647085,77.37304200038473,61.03529660733375,100.70188569535973,1.854800617299102,1.5976074153411652,2.0156251805269507,0.09760397288537888,0.08286435603561597,0.1054002316431502
older_adult_vax_main,scenario_c,scenario_c,5,5,age_60plus,False,5,199.04934256451557,190.06113163087304,321.10618905430096,82.70525715689826,65.54977120204717,107.42712217717795,1.3502721631115389,1.1821169794503223,1.4822794892153601,0.0701980371774194,0.06041768124693342,0.07648837717058785
older_adult_vax_main,scenario_c,scenario_c,5,5,all_ages,False,5,327.3247305310484,297.29091334071734,506.70434918874054,120.28106214169195,115.42178797912838,174.12155997348003,0.9322245732480617,0.8330097640140841,1.1116702129721623,0.02645550232488538,0.023655036663333226,0.029335185175925583
older_adult_vax_main,scenario_c,scenario_c,5,5,vaccinated_primary,False,5,183.90890176201842,175.82744821619173,295.8200894627529,59.860252741250676,47.074201243356484,77.93636113072914,1.6103899998239388,1.3381290270758783,1.7066087991219556,0.08651994100224168,0.07129907961423891,0.09134287239047326
older_adult_vax_main,scenario_c,scenario_c,5,5,vaccine_eligible,False,5,186.34549001693182,178.3582204382324,300.97147266681253,75.14308374432493,59.402865281411984,97.71754990209452,1.7816093509377617,1.5407933171643577,1.943560391958138,0.0936454105467835,0.07980974591086833,0.10151336288310919
